{
  "tiempo_total_ejecucion": 11.063042879104614,
  "clientes_ejecutados": 1,
  "estadisticas_globales": {
    "tiempo_promedio": 1.000804237700504,
    "tiempo_maximo": 1.0009391179992235,
    "tiempo_minimo": 1.0006926709975232,
    "latencias_globales": [
      1.0008796129986877,
      1.0009391179992235,
      1.0007172350015026,
      1.0008915240032366,
      1.0008944340006565,
      1.0007850200054236,
      1.0006926709975232,
      1.0007462549983757,
      1.0006971059992793,
      1.0007994010011316
    ],
    "latencias_por_cliente": [
      {
        "json_file": "resumen_cliente_1.json",
        "status": "ok",
        "stats": {
          "min": 1.0006926709975232,
          "max": 1.0009391179992235,
          "avg": 1.000804237700504,
          "std_dev": 8.653144470700629e-05
        },
        "latencies": [
          1.0008796129986877,
          1.0009391179992235,
          1.0007172350015026,
          1.0008915240032366,
          1.0008944340006565,
          1.0007850200054236,
          1.0006926709975232,
          1.0007462549983757,
          1.0006971059992793,
          1.0007994010011316
        ],
        "error": null
      }
    ],
    "errores_clientes": []
  },
  "resultados_clientes": [
    {
      "host": "localhost",
      "port": 10001,
      "iteraciones": 10,
      "intervalo": 0.1,
      "latencies": [
        1.0008796129986877,
        1.0009391179992235,
        1.0007172350015026,
        1.0008915240032366,
        1.0008944340006565,
        1.0007850200054236,
        1.0006926709975232,
        1.0007462549983757,
        1.0006971059992793,
        1.0007994010011316
      ],
      "stats": {
        "min": 1.0006926709975232,
        "max": 1.0009391179992235,
        "avg": 1.000804237700504,
        "std_dev": 8.653144470700629e-05
      },
      "log_file": "latencias_cliente_1.log",
      "json_file": "resumen_cliente_1.json",
      "status": "ok",
      "error": null
    }
  ]
}