{
  "tiempo_total_ejecucion": 11.103548765182495,
  "clientes_ejecutados": 10,
  "estadisticas_globales": {
    "tiempo_promedio": 1.0007452365096834,
    "tiempo_maximo": 1.0015005079985713,
    "tiempo_minimo": 1.0003122170019196,
    "latencias_globales": [
      1.0010194290007348,
      1.0006192030050443,
      1.0008255430002464,
      1.0005973290026304,
      1.0007296309995581,
      1.001163909000752,
      1.001046794001013,
      1.0010849099999177,
      1.0006674500036752,
      1.0008912129997043,
      1.0006037999992259,
      1.0003900230003637,
      1.0004493480009842,
      1.0004455650050659,
      1.0006506529971375,
      1.001017343995045,
      1.0011296689990559,
      1.0012137399971834,
      1.0005777920014225,
      1.0007550179943792,
      1.0006560479960172,
      1.0004186869991827,
      1.0007620739997947,
      1.0006289779994404,
      1.0007295409959625,
      1.0011422180032241,
      1.0008788389968686,
      1.0009655250032665,
      1.0006343979985104,
      1.0008586019976065,
      1.0008552509971196,
      1.000579346997256,
      1.0005803429958178,
      1.000640199999907,
      1.0006880529981572,
      1.0010637910017977,
      1.0008493330024066,
      1.0009103720003623,
      1.0005354329987313,
      1.0007474630037905,
      1.000904863998585,
      1.0006226289988263,
      1.000651566995657,
      1.000656861004245,
      1.0006608820040128,
      1.0007734070022707,
      1.0006892940000398,
      1.000705657999788,
      1.0006611590069951,
      1.000733296998078,
      1.0008184629987227,
      1.00068920400372,
      1.0006796399975428,
      1.0005982799993944,
      1.0008620899970992,
      1.0013851639960194,
      1.0007071170039126,
      1.0015005079985713,
      1.0004663130021072,
      1.0007795839992468,
      1.0005781520012533,
      1.0003122170019196,
      1.000456169997051,
      1.0004929029964842,
      1.0004565690032905,
      1.0010756429983303,
      1.0008924439971452,
      1.0011928120002267,
      1.0004926019973936,
      1.0006720419987687,
      1.0007052500004647,
      1.000584927998716,
      1.0004485059980652,
      1.0004801499962923,
      1.0005005719940527,
      1.0013285480017657,
      1.0007674699954805,
      1.000780999995186,
      1.0006417819968192,
      1.0007470429991372,
      1.0006592639983865,
      1.0003678909997689,
      1.0004090820002602,
      1.0005505209992407,
      1.0005298859978211,
      1.0012999740065425,
      1.000627418005024,
      1.001127217998146,
      1.000634338000964,
      1.0007780809974065,
      1.0003979039975093,
      1.0005356859983294,
      1.0006911710006534,
      1.0006049130024621,
      1.0006319280000753,
      1.0013056340030744,
      1.0007658670001547,
      1.0010410169998067,
      1.0006216039982974,
      1.0007886110033724
    ],
    "latencias_por_cliente": [
      {
        "json_file": "resumen_cliente_1.json",
        "status": "ok",
        "stats": {
          "min": 1.0005973290026304,
          "max": 1.001163909000752,
          "avg": 1.0008645411013277,
          "std_dev": 0.00019653522255831627
        },
        "latencies": [
          1.0010194290007348,
          1.0006192030050443,
          1.0008255430002464,
          1.0005973290026304,
          1.0007296309995581,
          1.001163909000752,
          1.001046794001013,
          1.0010849099999177,
          1.0006674500036752,
          1.0008912129997043
        ],
        "error": null
      },
      {
        "json_file": "resumen_cliente_2.json",
        "status": "ok",
        "stats": {
          "min": 1.0003900230003637,
          "max": 1.0012137399971834,
          "avg": 1.0007232951989864,
          "std_dev": 0.00028233410256506665
        },
        "latencies": [
          1.0006037999992259,
          1.0003900230003637,
          1.0004493480009842,
          1.0004455650050659,
          1.0006506529971375,
          1.001017343995045,
          1.0011296689990559,
          1.0012137399971834,
          1.0005777920014225,
          1.0007550179943792
        ],
        "error": null
      },
      {
        "json_file": "resumen_cliente_3.json",
        "status": "ok",
        "stats": {
          "min": 1.0004186869991827,
          "max": 1.0011422180032241,
          "avg": 1.0007674909989874,
          "std_dev": 0.0001930777829986352
        },
        "latencies": [
          1.0006560479960172,
          1.0004186869991827,
          1.0007620739997947,
          1.0006289779994404,
          1.0007295409959625,
          1.0011422180032241,
          1.0008788389968686,
          1.0009655250032665,
          1.0006343979985104,
          1.0008586019976065
        ],
        "error": null
      },
      {
        "json_file": "resumen_cliente_4.json",
        "status": "ok",
        "stats": {
          "min": 1.0005354329987313,
          "max": 1.0010637910017977,
          "avg": 1.0007449585995345,
          "std_dev": 0.00016270202326314993
        },
        "latencies": [
          1.0008552509971196,
          1.000579346997256,
          1.0005803429958178,
          1.000640199999907,
          1.0006880529981572,
          1.0010637910017977,
          1.0008493330024066,
          1.0009103720003623,
          1.0005354329987313,
          1.0007474630037905
        ],
        "error": null
      },
      {
        "json_file": "resumen_cliente_5.json",
        "status": "ok",
        "stats": {
          "min": 1.0006226289988263,
          "max": 1.000904863998585,
          "avg": 1.0007059618008498,
          "std_dev": 7.841529042050287e-05
        },
        "latencies": [
          1.000904863998585,
          1.0006226289988263,
          1.000651566995657,
          1.000656861004245,
          1.0006608820040128,
          1.0007734070022707,
          1.0006892940000398,
          1.000705657999788,
          1.0006611590069951,
          1.000733296998078
        ],
        "error": null
      },
      {
        "json_file": "resumen_cliente_6.json",
        "status": "ok",
        "stats": {
          "min": 1.0004663130021072,
          "max": 1.0015005079985713,
          "avg": 1.0008486362996336,
          "std_dev": 0.0003164670330666189
        },
        "latencies": [
          1.0008184629987227,
          1.00068920400372,
          1.0006796399975428,
          1.0005982799993944,
          1.0008620899970992,
          1.0013851639960194,
          1.0007071170039126,
          1.0015005079985713,
          1.0004663130021072,
          1.0007795839992468
        ],
        "error": null
      },
      {
        "json_file": "resumen_cliente_7.json",
        "status": "ok",
        "stats": {
          "min": 1.0003122170019196,
          "max": 1.0011928120002267,
          "avg": 1.0006621553991863,
          "std_dev": 0.00027880153205655606
        },
        "latencies": [
          1.0005781520012533,
          1.0003122170019196,
          1.000456169997051,
          1.0004929029964842,
          1.0004565690032905,
          1.0010756429983303,
          1.0008924439971452,
          1.0011928120002267,
          1.0004926019973936,
          1.0006720419987687
        ],
        "error": null
      },
      {
        "json_file": "resumen_cliente_8.json",
        "status": "ok",
        "stats": {
          "min": 1.0004485059980652,
          "max": 1.0013285480017657,
          "avg": 1.000698524897598,
          "std_dev": 0.00024008130395870313
        },
        "latencies": [
          1.0007052500004647,
          1.000584927998716,
          1.0004485059980652,
          1.0004801499962923,
          1.0005005719940527,
          1.0013285480017657,
          1.0007674699954805,
          1.000780999995186,
          1.0006417819968192,
          1.0007470429991372
        ],
        "error": null
      },
      {
        "json_file": "resumen_cliente_9.json",
        "status": "ok",