{
  "tiempo_total_ejecucion": 11.065840721130371,
  "clientes_ejecutados": 5,
  "estadisticas_globales": {
    "tiempo_promedio": 1.000654879980575,
    "tiempo_maximo": 1.001087122996978,
    "tiempo_minimo": 1.0004176309957984,
    "latencias_globales": [
      1.001087122996978,
      1.0006286470015766,
      1.000878097001987,
      1.000899730999663,
      1.0007268710032804,
      1.0006903160028742,
      1.000717048998922,
      1.0006446879997384,
      1.0007573520051665,
      1.0007085440010997,
      1.0009447949996684,
      1.0004248749974067,
      1.00050328400539,
      1.0005791899966425,
      1.0005161559965927,
      1.000743735996366,
      1.0005157020059414,
      1.0005425259951153,
      1.0005690300022252,
      1.0006012020021444,
      1.0009594729999662,
      1.0006446670013247,
      1.0009398330003023,
      1.000668858003337,
      1.0006998699973337,
      1.0007043310033623,
      1.0007296330004465,
      1.0005632550019072,
      1.0007110450023902,
      1.0006951190007385,
      1.0005827460045111,
      1.0004787860016222,
      1.0005802189989481,
      1.00052484900516,
      1.000632053001027,
      1.0007723390008323,
      1.00051893699856,
      1.0004176309957984,
      1.0005684889983968,
      1.0007107769997674,
      1.0007506209949497,
      1.000430675005191,
      1.0006124400024419,
      1.0006128229942988,
      1.0005142520021764,
      1.0008044290007092,
      1.0005176749982638,
      1.0005669220045093,
      1.0006313560006674,
      1.000520982001035
    ],
    "latencias_por_cliente": [
      {
        "json_file": "resumen_cliente_1.json",
        "status": "ok",
        "stats": {
          "min": 1.0006286470015766,
          "max": 1.001087122996978,
          "avg": 1.0007738418011285,
          "std_dev": 0.0001340031836873586
        },
        "latencies": [
          1.001087122996978,
          1.0006286470015766,
          1.000878097001987,
          1.000899730999663,
          1.0007268710032804,
          1.0006903160028742,
          1.000717048998922,
          1.0006446879997384,
          1.0007573520051665,
          1.0007085440010997
        ],
        "error": null
      },
      {
        "json_file": "resumen_cliente_2.json",
        "status": "ok",
        "stats": {
          "min": 1.0004248749974067,
          "max": 1.0009447949996684,
          "avg": 1.0005940495997492,
          "std_dev": 0.00014072852508326486
        },
        "latencies": [
          1.0009447949996684,
          1.0004248749974067,
          1.00050328400539,
          1.0005791899966425,
          1.0005161559965927,
          1.000743735996366,
          1.0005157020059414,
          1.0005425259951153,
          1.0005690300022252,
          1.0006012020021444
        ],
        "error": null
      },
      {
        "json_file": "resumen_cliente_3.json",
        "status": "ok",
        "stats": {
          "min": 1.0005632550019072,
          "max": 1.0009594729999662,
          "avg": 1.0007316084011109,
          "std_dev": 0.00011774067274203037
        },
        "latencies": [
          1.0009594729999662,
          1.0006446670013247,
          1.0009398330003023,
          1.000668858003337,
          1.0006998699973337,
          1.0007043310033623,
          1.0007296330004465,
          1.0005632550019072,
          1.0007110450023902,
          1.0006951190007385
        ],
        "error": null
      },
      {
        "json_file": "resumen_cliente_4.json",
        "status": "ok",
        "stats": {
          "min": 1.0004176309957984,
          "max": 1.0007723390008323,
          "avg": 1.0005786826004623,
          "std_dev": 0.00010015360973963959
        },
        "latencies": [
          1.0005827460045111,
          1.0004787860016222,
          1.0005802189989481,
          1.00052484900516,
          1.000632053001027,
          1.0007723390008323,
          1.00051893699856,
          1.0004176309957984,
          1.0005684889983968,
          1.0007107769997674
        ],
        "error": null
      },
      {
        "json_file": "resumen_cliente_5.json",
        "status": "ok",
        "stats": {
          "min": 1.000430675005191,
          "max": 1.0008044290007092,
          "avg": 1.0005962175004242,
          "std_dev": 0.00010759938935533183
        },
        "latencies": [
          1.0007506209949497,
          1.000430675005191,
          1.0006124400024419,
          1.0006128229942988,
          1.0005142520021764,
          1.0008044290007092,
          1.0005176749982638,
          1.0005669220045093,
          1.0006313560006674,
          1.000520982001035
        ],
        "error": null
      }
    ],
    "errores_clientes": []
  },
  "resultados_clientes": [
    {
      "host": "localhost",
      "port": 10001,
      "iteraciones": 10,
      "intervalo": 0.1,
      "latencies": [
        1.001087122996978,
        1.0006286470015766,
        1.000878097001987,
        1.000899730999663,
        1.0007268710032804,
        1.0006903160028742,
        1.000717048998922,
        1.0006446879997384,
        1.0007573520051665,
        1.0007085440010997
      ],
      "stats": {
        "min": 1.0006286470015766,
        "max": 1.001087122996978,
        "avg": 1.0007738418011285,
        "std_dev": 0.0001340031836873586
      },
      "log_file": "latencias_cliente_1.log",
      "json_file": "resumen_cliente_1.json",
      "status": "ok",
      "error": null
    },
    {
      "host": "localhost",
      "port": 10001,
      "iteraciones": 10,
      "intervalo": 0.1,
      "latencies": [
        1.0009447949996684,
        1.0004248749974067,
        1.00050328400539,
        1.0005791899966425,
        1.0005161559965927,
        1.000743735996366,
        1.0005157020059414,
        1.0005425259951153,
        1.0005690300022252,
        1.0006012020021444
      ],
      "stats": {
        "min": 1.0004248749974067,
        "max": 1.0009447949996684,
        "avg": 1.0005940495997492,
        "std_dev": 0.00014072852508326486
      },
      "log_file": "latencias_cliente_2.log",
      "json_file": "resumen_cliente_2.json",
      "status": "ok",
      "error": null
    },
    {
      "host": "localhost",
      "port": 10001,
      "iteraciones": 10,
      "intervalo": 0.1,
      "latencies": [
        1.0009594729999662,
        1.0006446670013247,
        1.0009398330003023,
        1.000668858003337,
        1.0006998699973337,
        1.0007043310033623,
        1.0007296330004465,
        1.0005632550019072,
        1.0007110450023902,
        1.0006951190007385
      ],
      "stats": {
        "min": 1.0005632550019072,
        "max": 1.0009594729999662,
        "avg": 1.0007316084011109,
        "std_dev": 0.00011774067274203037
      },
      "log_file": "latencias_cliente_3.log",
      "json_file": "resumen_cliente_3.json",
      "status": "ok",
      "error": null
    },
    {
      "host": "localhost",
      "port": 10001,
      "iteraciones": 10,
      "intervalo": 0.1,
      "latencies": [
        1.0005827460045111,
        1.0004787860016222,
        1.0005802189989481,
        1.00052484900516,
        1.000632053001027,
        1.0007723390008323,
        1.00051893699856,
        1.0004176309957984,
        1.0005684889983968,
        1.0007107769997674
      ],
      "stats": {
        "min": 1.0004176309957984,
        "max": 1.0007723390008323,
        "avg": 1.0005786826004623,
        "std_dev": 0.00010015360973963959
      },
      "log_file": "latencias_cliente_4.log",
      "json_file": "resumen_cliente_4.json",
      "status": "ok",
      "error": null
    },
    {
      "host": "localhost",
      "port": 10001,
      "iteraciones": 10,
      "intervalo": 0.1,