{
  "tiempo_total_ejecucion": 1.049414873123169,
  "clientes_ejecutados": 1,
  "estadisticas_globales": {
    "tiempo_promedio": 0.00034233340120408683,
    "tiempo_maximo": 0.0006425329993362539,
    "tiempo_minimo": 0.00018506999913370237,
    "latencias_globales": [
      0.0006425329993362539,
      0.00032879100035643205,
      0.00028354500682326034,
      0.00042175599810434505,
      0.00018506999913370237,
      0.00025250700127799064,
      0.000229844001296442,
      0.0003323880009702407,
      0.0003820710044237785,
      0.0003648290003184229
    ],
    "latencias_por_cliente": [
      {
        "json_file": "resumen_cliente_1.json",
        "status": "ok",
        "stats": {
          "min": 0.00018506999913370237,
          "max": 0.0006425329993362539,
          "avg": 0.00034233340120408683,
          "std_dev": 0.00012153422747221295
        },
        "latencies": [
          0.0006425329993362539,
          0.00032879100035643205,
          0.00028354500682326034,
          0.00042175599810434505,
          0.00018506999913370237,
          0.00025250700127799064,
          0.000229844001296442,
          0.0003323880009702407,
          0.0003820710044237785,
          0.0003648290003184229
        ],
        "error": null
      }
    ],
    "errores_clientes": []
  },
  "resultados_clientes": [
    {
      "host": "localhost",
      "port": 10000,
      "iteraciones": 10,
      "intervalo": 0.1,
      "latencies": [
        0.0006425329993362539,
        0.00032879100035643205,
        0.00028354500682326034,
        0.00042175599810434505,
        0.00018506999913370237,
        0.00025250700127799064,
        0.000229844001296442,
        0.0003323880009702407,
        0.0003820710044237785,
        0.0003648290003184229
      ],
      "stats": {
        "min": 0.00018506999913370237,
        "max": 0.0006425329993362539,
        "avg": 0.00034233340120408683,
        "std_dev": 0.00012153422747221295
      },
      "log_file": "latencias_cliente_1.log",
      "json_file": "resumen_cliente_1.json",
      "status": "ok",
      "error": null
    }
  ]
}