{
  "tiempo_total_ejecucion": 1.0943982601165771,
  "clientes_ejecutados": 10,
  "estadisticas_globales": {
    "tiempo_promedio": 0.0003591870098898653,
    "tiempo_maximo": 0.0015738410002086312,
    "tiempo_minimo": 0.00011356499453540891,
    "latencias_globales": [
      0.00039501500577898696,
      0.0002643190018716268,
      0.00026589199842419475,
      0.0002798180066747591,
      0.0003065290002268739,
      0.0003483780019450933,
      0.00017447000573156402,
      0.00029463600367307663,
      0.0003352430067025125,
      0.00024368100275751203,
      0.0005827810018672608,
      0.00027412800409365445,
      0.00017797599866753444,
      0.00021571700199274346,
      0.0003024710022145882,
      0.0002710510016186163,
      0.0002775839966489002,
      0.0003260450030211359,
      0.00033909099875018,
      0.00031408300128532574,
      0.000760877002903726,
      0.00033757799974409863,
      0.0015738410002086312,
      0.0005421540045063011,
      0.00021191000269027427,
      0.0005043330020271242,
      0.0003263969992985949,
      0.00015547399380011484,
      0.0004821799957426265,
      0.0003530969988787547,
      0.0005469319949042983,
      0.00014198799908626825,
      0.0003729739983100444,
      0.0003242329985368997,
      0.0003095239953836426,
      0.00031080700136953965,
      0.00022791999799665064,
      0.00041994299681391567,
      0.0003061780007556081,
      0.000451683001301717,
      0.00038525700074387714,
      0.0003536570002324879,
      0.00030985500052338466,
      0.00030222099303500727,
      0.0003455219994066283,
      0.00030376399809028953,
      0.0003186920002917759,
      0.0003379679983481765,
      0.00032766899676062167,
      0.00034257699735462666,
      0.0005679019959643483,
      0.00040076699951896444,
      0.0006604270020034164,
      0.000494202999107074,
      0.0001900689967442304,
      0.0004700570061686449,
      0.00019492800493026152,
      0.00033837900264188647,
      0.0005097819957882166,
      0.000579343999561388,
      0.0004851260018767789,
      0.00018706299306359142,
      0.0006027790004736744,
      0.0004184399949735962,
      0.00016965100076049566,
      0.0004817299995920621,
      0.00014022499817656353,
      0.00041398099710932,
      0.00048624799819663167,
      0.0005639250011881813,
      0.0005909259998588823,
      0.00036166299832984805,
      0.0002331810028408654,
      0.0002989150016219355,
      0.000345421998645179,
      0.0002535090025048703,
      0.0002671839974937029,
      0.0002801289956551045,
      0.000325023996992968,
      0.00030078800045885146,
      0.0009888069980661385,
      0.0002390910012763925,
      0.000504723000631202,
      0.00018842500139726326,
      0.00011356499453540891,
      0.00028242300322744995,
      0.0002833050020853989,
      0.00026155399973504245,
      0.0002676250005606562,
      0.00029674999677808955,
      0.0007506969996029511,
      0.00020065900025656447,
      0.0002096960015478544,
      0.00020205100008752197,
      0.00030002599669387564,
      0.0003720519962371327,
      0.00032817899773363024,
      0.00017382900114171207,
      0.0001853200010373257,
      0.00018204400112153962
    ],
    "latencias_por_cliente": [
      {
        "json_file": "resumen_cliente_1.json",
        "status": "ok",
        "stats": {
          "min": 0.00017447000573156402,
          "max": 0.00039501500577898696,
          "avg": 0.00029079810337862,
          "std_dev": 5.797276461236858e-05
        },
        "latencies": [
          0.00039501500577898696,
          0.0002643190018716268,
          0.00026589199842419475,
          0.0002798180066747591,
          0.0003065290002268739,
          0.0003483780019450933,
          0.00017447000573156402,
          0.00029463600367307663,
          0.0003352430067025125,
          0.00024368100275751203
        ],
        "error": null
      },
      {
        "json_file": "resumen_cliente_2.json",
        "status": "ok",
        "stats": {
          "min": 0.00017797599866753444,
          "max": 0.0005827810018672608,
          "avg": 0.00030809270101599394,
          "std_dev": 0.0001028223830702684
        },
        "latencies": [
          0.0005827810018672608,
          0.00027412800409365445,
          0.00017797599866753444,
          0.00021571700199274346,
          0.0003024710022145882,
          0.0002710510016186163,
          0.0002775839966489002,
          0.0003260450030211359,
          0.00033909099875018,
          0.00031408300128532574
        ],
        "error": null
      },
      {
        "json_file": "resumen_cliente_3.json",
        "status": "ok",
        "stats": {
          "min": 0.00015547399380011484,
          "max": 0.0015738410002086312,
          "avg": 0.0005247840999800246,
          "std_dev": 0.0003869050905668175
        },
        "latencies": [
          0.000760877002903726,
          0.00033757799974409863,
          0.0015738410002086312,
          0.0005421540045063011,
          0.00021191000269027427,
          0.0005043330020271242,
          0.0003263969992985949,
          0.00015547399380011484,
          0.0004821799957426265,
          0.0003530969988787547
        ],
        "error": null
      },
      {
        "json_file": "resumen_cliente_4.json",
        "status": "ok",
        "stats": {
          "min": 0.00014198799908626825,
          "max": 0.0005469319949042983,
          "avg": 0.00034121819844585844,
          "std_dev": 0.00010849031932564645
        },
        "latencies": [
          0.0005469319949042983,
          0.00014198799908626825,
          0.0003729739983100444,
          0.0003242329985368997,
          0.0003095239953836426,
          0.00031080700136953965,
          0.00022791999799665064,
          0.00041994299681391567,
          0.0003061780007556081,
          0.000451683001301717
        ],
        "error": null
      },
      {
        "json_file": "resumen_cliente_5.json",
        "status": "ok",
        "stats": {
          "min": 0.00030222099303500727,
          "max": 0.00038525700074387714,
          "avg": 0.00033271819847868755,
          "std_dev": 2.449659680202751e-05
        },
        "latencies": [
          0.00038525700074387714,
          0.0003536570002324879,
          0.00030985500052338466,
          0.00030222099303500727,
          0.0003455219994066283,
          0.00030376399809028953,
          0.0003186920002917759,
          0.0003379679983481765,
          0.00032766899676062167,
          0.00034257699735462666
        ],
        "error": null
      },
      {
        "json_file": "resumen_cliente_6.json",
        "status": "ok",
        "stats": {
          "min": 0.0001900689967442304,
          "max": 0.0006604270020034164,
          "avg": 0.0004405858002428431,
          "std_dev": 0.0001508187861751007
        },
        "latencies": [
          0.0005679019959643483,
          0.00040076699951896444,
          0.0006604270020034164,
          0.000494202999107074,
          0.0001900689967442304,
          0.0004700570061686449,
          0.00019492800493026152,
          0.00033837900264188647,
          0.0005097819957882166,
          0.000579343999561388
        ],
        "error": null
      },
      {
        "json_file": "resumen_cliente_7.json",
        "status": "ok",
        "stats": {
          "min": 0.00014022499817656353,
          "max": 0.0006027790004736744,
          "avg": 0.0003949167985410895,
          "std_dev": 0.0001598495134617368
        },
        "latencies": [
          0.0004851260018767789,
          0.00018706299306359142,
          0.0006027790004736744,
          0.0004184399949735962,
          0.00016965100076049566,
          0.0004817299995920621,
          0.00014022499817656353,
          0.00041398099710932,
          0.00048624799819663167,
          0.0005639250011881813
        ],
        "error": null
      },
      {
        "json_file": "resumen_cliente_8.json",