{
  "tiempo_total_ejecucion": 1.0665132999420166,
  "clientes_ejecutados": 5,
  "estadisticas_globales": {
    "tiempo_promedio": 0.0003298772202106193,
    "tiempo_maximo": 0.0006908239956828766,
    "tiempo_minimo": 0.00011574800009839237,
    "latencias_globales": [
      0.0003089439996983856,
      0.0003352130006533116,
      0.00035504999686963856,
      0.0003512330004014075,
      0.000383163001970388,
      0.00031117799517232925,
      0.00048368400166509673,
      0.0004361340033938177,
      0.00041965299897128716,
      0.0004197230009594932,
      0.00038170100015122443,
      0.000165331999596674,
      0.000254860999120865,
      0.00033113500103354454,
      0.00028424699848983437,
      0.00024878900148905814,
      0.000303983993944712,
      0.000334671996824909,
      0.000352935996488668,
      0.0002731360000325367,
      0.0005574530005105771,
      0.0006908239956828766,
      0.00015979200543370098,
      0.00022611700114794075,
      0.00037534900184255093,
      0.00016389899974456057,
      0.0002556120016379282,
      0.0003436580009292811,
      0.0003465850022621453,
      0.00044167300075059757,
      0.00038023800152586773,
      0.00027403699641581625,
      0.00016673500067554414,
      0.0002869420059141703,
      0.0003139219988952391,
      0.00011574800009839237,
      0.000306488000205718,
      0.0004142120014876127,
      0.0005210740055190399,
      0.00029519799863919616,
      0.0005870690001756884,
      0.0004847250020247884,
      0.00021463500161189586,
      0.00023032500030240044,
      0.00019193199841538444,
      0.000269730000582058,
      0.0003295420028734952,
      0.00034399900323478505,
      0.0002341619983781129,
      0.0002374179966864176
    ],
    "latencias_por_cliente": [
      {
        "json_file": "resumen_cliente_1.json",
        "status": "ok",
        "stats": {
          "min": 0.0003089439996983856,
          "max": 0.00048368400166509673,
          "avg": 0.0003803974999755155,
          "std_dev": 5.504674554418521e-05
        },
        "latencies": [
          0.0003089439996983856,
          0.0003352130006533116,
          0.00035504999686963856,
          0.0003512330004014075,
          0.000383163001970388,
          0.00031117799517232925,
          0.00048368400166509673,
          0.0004361340033938177,
          0.00041965299897128716,
          0.0004197230009594932
        ],
        "error": null
      },
      {
        "json_file": "resumen_cliente_2.json",
        "status": "ok",
        "stats": {
          "min": 0.000165331999596674,
          "max": 0.00038170100015122443,
          "avg": 0.00029307929871720263,
          "std_dev": 5.91194702283046e-05
        },
        "latencies": [
          0.00038170100015122443,
          0.000165331999596674,
          0.000254860999120865,
          0.00033113500103354454,
          0.00028424699848983437,
          0.00024878900148905814,
          0.000303983993944712,
          0.000334671996824909,
          0.000352935996488668,
          0.0002731360000325367
        ],
        "error": null
      },
      {
        "json_file": "resumen_cliente_3.json",
        "status": "ok",
        "stats": {
          "min": 0.00015979200543370098,
          "max": 0.0006908239956828766,
          "avg": 0.00035609620099421593,
          "std_dev": 0.00016217066813812092
        },
        "latencies": [
          0.0005574530005105771,
          0.0006908239956828766,
          0.00015979200543370098,
          0.00022611700114794075,
          0.00037534900184255093,
          0.00016389899974456057,
          0.0002556120016379282,
          0.0003436580009292811,
          0.0003465850022621453,
          0.00044167300075059757
        ],
        "error": null
      },
      {
        "json_file": "resumen_cliente_4.json",
        "status": "ok",
        "stats": {
          "min": 0.00011574800009839237,
          "max": 0.0005210740055190399,
          "avg": 0.00030745940093765964,
          "std_dev": 0.00010982337235750013
        },
        "latencies": [
          0.00038023800152586773,
          0.00027403699641581625,
          0.00016673500067554414,
          0.0002869420059141703,
          0.0003139219988952391,
          0.00011574800009839237,
          0.000306488000205718,
          0.0004142120014876127,
          0.0005210740055190399,
          0.00029519799863919616
        ],
        "error": null
      },
      {
        "json_file": "resumen_cliente_5.json",
        "status": "ok",
        "stats": {
          "min": 0.00019193199841538444,
          "max": 0.0005870690001756884,
          "avg": 0.00031235370042850266,
          "std_dev": 0.00012280160596336227
        },
        "latencies": [
          0.0005870690001756884,
          0.0004847250020247884,
          0.00021463500161189586,
          0.00023032500030240044,
          0.00019193199841538444,
          0.000269730000582058,
          0.0003295420028734952,
          0.00034399900323478505,
          0.0002341619983781129,
          0.0002374179966864176
        ],
        "error": null
      }
    ],
    "errores_clientes": []
  },
  "resultados_clientes": [
    {
      "host": "localhost",
      "port": 10000,
      "iteraciones": 10,
      "intervalo": 0.1,
      "latencies": [
        0.0003089439996983856,
        0.0003352130006533116,
        0.00035504999686963856,
        0.0003512330004014075,
        0.000383163001970388,
        0.00031117799517232925,
        0.00048368400166509673,
        0.0004361340033938177,
        0.00041965299897128716,
        0.0004197230009594932
      ],
      "stats": {
        "min": 0.0003089439996983856,
        "max": 0.00048368400166509673,
        "avg": 0.0003803974999755155,
        "std_dev": 5.504674554418521e-05
      },
      "log_file": "latencias_cliente_1.log",
      "json_file": "resumen_cliente_1.json",
      "status": "ok",
      "error": null
    },
    {
      "host": "localhost",
      "port": 10000,
      "iteraciones": 10,
      "intervalo": 0.1,
      "latencies": [
        0.00038170100015122443,
        0.000165331999596674,
        0.000254860999120865,
        0.00033113500103354454,
        0.00028424699848983437,
        0.00024878900148905814,
        0.000303983993944712,
        0.000334671996824909,
        0.000352935996488668,
        0.0002731360000325367
      ],
      "stats": {
        "min": 0.000165331999596674,
        "max": 0.00038170100015122443,
        "avg": 0.00029307929871720263,
        "std_dev": 5.91194702283046e-05
      },
      "log_file": "latencias_cliente_2.log",
      "json_file": "resumen_cliente_2.json",
      "status": "ok",
      "error": null
    },
    {
      "host": "localhost",
      "port": 10000,
      "iteraciones": 10,
      "intervalo": 0.1,
      "latencies": [
        0.0005574530005105771,
        0.0006908239956828766,
        0.00015979200543370098,
        0.00022611700114794075,
        0.00037534900184255093,
        0.00016389899974456057,
        0.0002556120016379282,
        0.0003436580009292811,
        0.0003465850022621453,
        0.00044167300075059757
      ],
      "stats": {
        "min": 0.00015979200543370098,
        "max": 0.0006908239956828766,
        "avg": 0.00035609620099421593,
        "std_dev": 0.00016217066813812092
      },
      "log_file": "latencias_cliente_3.log",
      "json_file": "resumen_cliente_3.json",
      "status": "ok",
      "error": null
    },
    {
      "host": "localhost",
      "port": 10000,
      "iteraciones": 10,
      "intervalo": 0.1,
      "latencies": [
        0.00038023800152586773,
        0.00027403699641581625,
        0.00016673500067554414,
        0.0002869420059141703,
        0.0003139219988952391,
        0.00011574800009839237,
        0.000306488000205718,
        0.0004142120014876127,
        0.0005210740055190399,
        0.00029519799863919616
      ],
      "stats": {
        "min": 0.00011574800009839237,