{
  "tiempo_total_ejecucion": 1.0853478908538818,
  "clientes_ejecutados": 10,
  "estadisticas_globales": {
    "tiempo_promedio": 0.0003118593802355463,
    "tiempo_maximo": 0.0011062039993703365,
    "tiempo_minimo": 8.975799573818222e-05,
    "latencias_globales": [
      0.0006969070018385537,
      0.0002905649962485768,
      0.00027639799372991547,
      0.0002727510000113398,
      0.0002592570017441176,
      0.0002751560023170896,
      0.00027427399618318304,
      0.00022892899869475514,
      0.0003099410023423843,
      0.00035407300310907885,
      0.00036879099934594706,
      0.00018345400167163461,
      0.0002654570052982308,
      0.00031347799813374877,
      0.00013976199988974258,
      0.00038325900095514953,
      0.0002958639961434528,
      0.00018503699538996443,
      0.0003476920028333552,
      0.00035670900251716375,
      0.00045456299994839355,
      0.00032129199826158583,
      0.00027831199986394495,
      0.0003160030028084293,
      0.00029610500496346503,
      0.00028533499425975606,
      0.00032217399711953476,
      0.00016650199540890753,
      0.0002691449990379624,
      0.0003184580054949038,
      0.0003942599942092784,
      0.00017860499792732298,
      0.00022690500190947205,
      0.00032015000033425167,
      0.0003291670000180602,
      0.00030300899379653856,
      0.00031906799995340407,
      0.00012860100105172023,
      0.0001389110038871877,
      0.00018602900672703981,
      0.0007726690018898807,
      0.00023148400214267895,
      0.00022878900199430063,
      0.0002860370004782453,
      0.00024548000510549173,
      0.00045272900024428964,
      0.00026430500292917714,
      8.975799573818222e-05,
      0.0002434069974697195,
      0.00023037199571263045,
      0.0011062039993703365,
      0.00010866400407394394,
      0.00023320699983742088,
      0.00022536199685418978,
      0.00022997199994279072,
      0.0005225899949437007,
      0.00024213400320149958,
      0.00019848300144076347,
      0.00040388700290350243,
      0.00024112200480885804,
      0.0006273860053624958,
      0.00019595799676608294,
      0.00027517599664861336,
      0.00028822999593103305,
      0.0002558190026320517,
      0.0007761460001347587,
      0.00028807000489905477,
      0.00021094599651405588,
      0.0002654069976415485,
      0.00024070100334938616,
      0.000748302998545114,
      0.0002709379987209104,
      0.00026088900631293654,
      0.0002350510039832443,
      0.00027238100301474333,
      0.0002245419964310713,
      0.00033237300522159785,
      0.0002705180013435893,
      0.0002933709984063171,
      0.0002562400040915236,
      0.0006559699977515265,
      9.027899795910344e-05,
      0.00028022499463986605,
      0.00026372400316176936,
      0.00016873699496500194,
      0.000638486999378074,
      0.0003898209979524836,
      0.00023864700051490217,
      0.0002580939981271513,
      0.00028196900530019775,
      0.0006459319993155077,
      0.00014570400526281446,
      0.00014672499673906714,
      0.00020762900385307148,
      0.00025360500148963183,
      0.0007862240017857403,
      0.00020642700110329315,
      0.00022357999841915444,
      0.0002779909991659224,
      0.00025072000426007435
    ],
    "latencias_por_cliente": [
      {
        "json_file": "resumen_cliente_1.json",
        "status": "ok",
        "stats": {
          "min": 0.00022892899869475514,
          "max": 0.0006969070018385537,
          "avg": 0.0003238250996218994,
          "std_dev": 0.00012816405120163213
        },
        "latencies": [
          0.0006969070018385537,
          0.0002905649962485768,
          0.00027639799372991547,
          0.0002727510000113398,
          0.0002592570017441176,
          0.0002751560023170896,
          0.00027427399618318304,
          0.00022892899869475514,
          0.0003099410023423843,
          0.00035407300310907885
        ],
        "error": null
      },
      {
        "json_file": "resumen_cliente_2.json",
        "status": "ok",
        "stats": {
          "min": 0.00013976199988974258,
          "max": 0.00038325900095514953,
          "avg": 0.00028395030021783897,
          "std_dev": 8.273235919521186e-05
        },
        "latencies": [
          0.00036879099934594706,
          0.00018345400167163461,
          0.0002654570052982308,
          0.00031347799813374877,
          0.00013976199988974258,
          0.00038325900095514953,
          0.0002958639961434528,
          0.00018503699538996443,
          0.0003476920028333552,
          0.00035670900251716375
        ],
        "error": null
      },
      {
        "json_file": "resumen_cliente_3.json",
        "status": "ok",
        "stats": {
          "min": 0.00016650199540890753,
          "max": 0.00045456299994839355,
          "avg": 0.0003027888997166883,
          "std_dev": 6.695380630291522e-05
        },
        "latencies": [
          0.00045456299994839355,
          0.00032129199826158583,
          0.00027831199986394495,
          0.0003160030028084293,
          0.00029610500496346503,
          0.00028533499425975606,
          0.00032217399711953476,
          0.00016650199540890753,
          0.0002691449990379624,
          0.0003184580054949038
        ],
        "error": null
      },
      {
        "json_file": "resumen_cliente_4.json",
        "status": "ok",
        "stats": {
          "min": 0.00012860100105172023,
          "max": 0.0003942599942092784,
          "avg": 0.00025247049998142754,
          "std_dev": 8.736136786269069e-05
        },
        "latencies": [
          0.0003942599942092784,
          0.00017860499792732298,
          0.00022690500190947205,
          0.00032015000033425167,
          0.0003291670000180602,
          0.00030300899379653856,
          0.00031906799995340407,
          0.00012860100105172023,
          0.0001389110038871877,
          0.00018602900672703981
        ],
        "error": null
      },
      {
        "json_file": "resumen_cliente_5.json",
        "status": "ok",
        "stats": {
          "min": 8.975799573818222e-05,
          "max": 0.0007726690018898807,
          "avg": 0.00030450300037045965,
          "std_dev": 0.0001769177397059077
        },
        "latencies": [
          0.0007726690018898807,
          0.00023148400214267895,
          0.00022878900199430063,
          0.0002860370004782453,
          0.00024548000510549173,
          0.00045272900024428964,
          0.00026430500292917714,
          8.975799573818222e-05,
          0.0002434069974697195,
          0.00023037199571263045
        ],
        "error": null
      },
      {
        "json_file": "resumen_cliente_6.json",
        "status": "ok",
        "stats": {
          "min": 0.00010866400407394394,
          "max": 0.0011062039993703365,
          "avg": 0.0003511625007377006,
          "std_dev": 0.00027437091726670147
        },
        "latencies": [
          0.0011062039993703365,
          0.00010866400407394394,
          0.00023320699983742088,
          0.00022536199685418978,
          0.00022997199994279072,
          0.0005225899949437007,
          0.00024213400320149958,
          0.00019848300144076347,
          0.00040388700290350243,
          0.00024112200480885804
        ],
        "error": null
      },
      {
        "json_file": "resumen_cliente_7.json",
        "status": "ok",
        "stats": {
          "min": 0.00019595799676608294,
          "max": 0.0007761460001347587,
          "avg": 0.00034238389998790807,
          "std_dev": 0.00018500002984030636
        },
        "latencies": [
          0.0006273860053624958,
          0.00019595799676608294,
          0.00027517599664861336,
          0.00028822999593103305,
          0.0002558190026320517,
          0.0007761460001347587,
          0.00028807000489905477,
          0.00021094599651405588,
          0.0002654069976415485,
          0.00024070100334938616
        ],