{
  "tiempo_total_ejecucion": 1.0489532947540283,
  "clientes_ejecutados": 1,
  "estadisticas_globales": {
    "tiempo_promedio": 0.0002926248991570901,
    "tiempo_maximo": 0.0006030810036463663,
    "tiempo_minimo": 0.00018056899716611952,
    "latencias_globales": [
      0.0006030810036463663,
      0.00022421999892685562,
      0.0002005560018005781,
      0.00031039199529914185,
      0.00018056899716611952,
      0.00034001799940597266,
      0.00031826699705561623,
      0.00032063200342236087,
      0.00021328000002540648,
      0.0002152339948224835
    ],
    "latencias_por_cliente": [
      {
        "json_file": "resumen_cliente_1.json",
        "status": "ok",
        "stats": {
          "min": 0.00018056899716611952,
          "max": 0.0006030810036463663,
          "avg": 0.0002926248991570901,
          "std_dev": 0.00011763676553018994
        },
        "latencies": [
          0.0006030810036463663,
          0.00022421999892685562,
          0.0002005560018005781,
          0.00031039199529914185,
          0.00018056899716611952,
          0.00034001799940597266,
          0.00031826699705561623,
          0.00032063200342236087,
          0.00021328000002540648,
          0.0002152339948224835
        ],
        "error": null
      }
    ],
    "errores_clientes": []
  },
  "resultados_clientes": [
    {
      "host": "localhost",
      "port": 10001,
      "iteraciones": 10,
      "intervalo": 0.1,
      "latencies": [
        0.0006030810036463663,
        0.00022421999892685562,
        0.0002005560018005781,
        0.00031039199529914185,
        0.00018056899716611952,
        0.00034001799940597266,
        0.00031826699705561623,
        0.00032063200342236087,
        0.00021328000002540648,
        0.0002152339948224835
      ],
      "stats": {
        "min": 0.00018056899716611952,
        "max": 0.0006030810036463663,
        "avg": 0.0002926248991570901,
        "std_dev": 0.00011763676553018994
      },
      "log_file": "latencias_cliente_1.log",
      "json_file": "resumen_cliente_1.json",
      "status": "ok",
      "error": null
    }
  ]
}