{
  "tiempo_total_ejecucion": 1.0675349235534668,
  "clientes_ejecutados": 5,
  "estadisticas_globales": {
    "tiempo_promedio": 0.0002786358403682243,
    "tiempo_maximo": 0.0005739859989262186,
    "tiempo_minimo": 8.998900011647493e-05,
    "latencias_globales": [
      0.00038979100645519793,
      0.00015793600323377177,
      0.00032435800676466897,
      0.0002614800032461062,
      0.00028459400346037,
      0.0002470230028848164,
      0.00046937000297475606,
      0.00023941899416968226,
      0.0003571499983081594,
      0.00032871599978534505,
      0.0003944389973185025,
      0.0001325289995293133,
      0.00013844900240655988,
      0.00013845000648871064,
      8.998900011647493e-05,
      0.00040404799801763147,
      0.00036561599699780345,
      0.00018444600573275238,
      0.00037773800431750715,
      0.00025428600201848894,
      0.0005739859989262186,
      0.00014368000120157376,
      0.00019189999875379726,
      0.000170899998920504,
      0.00024338599905604497,
      0.0003306400030851364,
      0.000421610995545052,
      0.00011070699838455766,
      0.00034113000583602116,
      0.0002977679978357628,
      0.00046842799929436296,
      0.00019774099928326905,
      0.00016976799815893173,
      0.00016134199540829286,
      0.00028222899709362537,
      0.0004943070016452111,
      0.0002818889988702722,
      0.00013760799629380926,
      0.0005282809943309985,
      0.0002453900015098043,
      0.0004010220000054687,
      0.00018394499784335494,
      0.0001606110017746687,
      0.0002610989977256395,
      0.00014448099682340398,
      0.0002622920001158491,
      0.00031353800295619294,
      0.0001876520036603324,
      0.00036215900036040694,
      0.00032247500348603353
    ],
    "latencias_por_cliente": [
      {
        "json_file": "resumen_cliente_1.json",
        "status": "ok",
        "stats": {
          "min": 0.00015793600323377177,
          "max": 0.00046937000297475606,
          "avg": 0.0003059837021282874,
          "std_dev": 8.33393987423697e-05
        },
        "latencies": [
          0.00038979100645519793,
          0.00015793600323377177,
          0.00032435800676466897,
          0.0002614800032461062,
          0.00028459400346037,
          0.0002470230028848164,
          0.00046937000297475606,
          0.00023941899416968226,
          0.0003571499983081594,
          0.00032871599978534505
        ],
        "error": null
      },
      {
        "json_file": "resumen_cliente_2.json",
        "status": "ok",
        "stats": {
          "min": 8.998900011647493e-05,
          "max": 0.00040404799801763147,
          "avg": 0.0002479990012943745,
          "std_dev": 0.0001195169880475967
        },
        "latencies": [
          0.0003944389973185025,
          0.0001325289995293133,
          0.00013844900240655988,
          0.00013845000648871064,
          8.998900011647493e-05,
          0.00040404799801763147,
          0.00036561599699780345,
          0.00018444600573275238,
          0.00037773800431750715,
          0.00025428600201848894
        ],
        "error": null
      },
      {
        "json_file": "resumen_cliente_3.json",
        "status": "ok",
        "stats": {
          "min": 0.00011070699838455766,
          "max": 0.0005739859989262186,
          "avg": 0.00028257079975446686,
          "std_dev": 0.00013464048751093331
        },
        "latencies": [
          0.0005739859989262186,
          0.00014368000120157376,
          0.00019189999875379726,
          0.000170899998920504,
          0.00024338599905604497,
          0.0003306400030851364,
          0.000421610995545052,
          0.00011070699838455766,
          0.00034113000583602116,
          0.0002977679978357628
        ],
        "error": null
      },
      {
        "json_file": "resumen_cliente_4.json",
        "status": "ok",
        "stats": {
          "min": 0.00013760799629380926,
          "max": 0.0005282809943309985,
          "avg": 0.00029669829818885775,
          "std_dev": 0.0001395589314004685
        },
        "latencies": [
          0.00046842799929436296,
          0.00019774099928326905,
          0.00016976799815893173,
          0.00016134199540829286,
          0.00028222899709362537,
          0.0004943070016452111,
          0.0002818889988702722,
          0.00013760799629380926,
          0.0005282809943309985,
          0.0002453900015098043
        ],
        "error": null
      },
      {
        "json_file": "resumen_cliente_5.json",
        "status": "ok",
        "stats": {
          "min": 0.00014448099682340398,
          "max": 0.0004010220000054687,
          "avg": 0.00025992740047513506,
          "std_dev": 8.446355841750945e-05
        },
        "latencies": [
          0.0004010220000054687,
          0.00018394499784335494,
          0.0001606110017746687,
          0.0002610989977256395,
          0.00014448099682340398,
          0.0002622920001158491,
          0.00031353800295619294,
          0.0001876520036603324,
          0.00036215900036040694,
          0.00032247500348603353
        ],
        "error": null
      }
    ],
    "errores_clientes": []
  },
  "resultados_clientes": [
    {
      "host": "localhost",
      "port": 10001,
      "iteraciones": 10,
      "intervalo": 0.1,
      "latencies": [
        0.00038979100645519793,
        0.00015793600323377177,
        0.00032435800676466897,
        0.0002614800032461062,
        0.00028459400346037,
        0.0002470230028848164,
        0.00046937000297475606,
        0.00023941899416968226,
        0.0003571499983081594,
        0.00032871599978534505
      ],
      "stats": {
        "min": 0.00015793600323377177,
        "max": 0.00046937000297475606,
        "avg": 0.0003059837021282874,
        "std_dev": 8.33393987423697e-05
      },
      "log_file": "latencias_cliente_1.log",
      "json_file": "resumen_cliente_1.json",
      "status": "ok",
      "error": null
    },
    {
      "host": "localhost",
      "port": 10001,
      "iteraciones": 10,
      "intervalo": 0.1,
      "latencies": [
        0.0003944389973185025,
        0.0001325289995293133,
        0.00013844900240655988,
        0.00013845000648871064,
        8.998900011647493e-05,
        0.00040404799801763147,
        0.00036561599699780345,
        0.00018444600573275238,
        0.00037773800431750715,
        0.00025428600201848894
      ],
      "stats": {
        "min": 8.998900011647493e-05,
        "max": 0.00040404799801763147,
        "avg": 0.0002479990012943745,
        "std_dev": 0.0001195169880475967
      },
      "log_file": "latencias_cliente_2.log",
      "json_file": "resumen_cliente_2.json",
      "status": "ok",
      "error": null
    },
    {
      "host": "localhost",
      "port": 10001,
      "iteraciones": 10,
      "intervalo": 0.1,
      "latencies": [
        0.0005739859989262186,
        0.00014368000120157376,
        0.00019189999875379726,
        0.000170899998920504,
        0.00024338599905604497,
        0.0003306400030851364,
        0.000421610995545052,
        0.00011070699838455766,
        0.00034113000583602116,
        0.0002977679978357628
      ],
      "stats": {
        "min": 0.00011070699838455766,
        "max": 0.0005739859989262186,
        "avg": 0.00028257079975446686,
        "std_dev": 0.00013464048751093331
      },
      "log_file": "latencias_cliente_3.log",
      "json_file": "resumen_cliente_3.json",
      "status": "ok",
      "error": null
    },
    {
      "host": "localhost",
      "port": 10001,
      "iteraciones": 10,
      "intervalo": 0.1,
      "latencies": [
        0.00046842799929436296,
        0.00019774099928326905,
        0.00016976799815893173,
        0.00016134199540829286,
        0.00028222899709362537,
        0.0004943070016452111,
        0.0002818889988702722,
        0.00013760799629380926,
        0.0005282809943309985,
        0.0002453900015098043
      ],